{
  "D001": {
    "name": "Acerenza",
    "alt": "",
    "province": "Acerenza",
    "country_modern": "Italy"
  },
  "D002": {
    "name": "Acerno",
    "alt": "",
    "province": "Salerno",
    "country_modern": "Italy"
  },
  "D003": {
    "name": "Acerra",
    "alt": "",
    "province": "Napoli",
    "country_modern": "Italy"
  },
  "D004": {
    "name": "Adria",
    "alt": "",
    "province": "Ravenna",
    "country_modern": "Italy"
  },
  "D005": {
    "name": "Alatri",
    "alt": "",
    "province": "[Holy See]",
    "country_modern": "Italy"
  },
  "D006": {
    "name": "Alba",
    "alt": "",
    "province": "Milano",
    "country_modern": "Italy"
  },
  "D007": {
    "name": "Albenga",
    "alt": "",
    "province": "Milano",
    "country_modern": "Italy"
  },
  "D008": {
    "name": "Alessandria",
    "alt": "",
    "province": "Milano",
    "country_modern": "Italy"
  },
  "D010": {
    "name": "Alife",
    "alt": "",
    "province": "Benevento",
    "country_modern": "Italy"
  },
  "D011": {
    "name": "Amalfi",
    "alt": "",
    "province": "Amalfi",
    "country_modern": "Italy"
  },
  "D012": {
    "name": "Amelia",
    "alt": "",
    "province": "[Holy See]",
    "country_modern": "Italy"
  },
  "D013": {
    "name": "Anagni",
    "alt": "",
    "province": "[Holy See]",
    "country_modern": "Italy"
  },
  "D014": {
    "name": "Ancona",
    "alt": "",
    "province": "[Holy See]",
    "country_modern": "Italy"
  },
  "D015": {
    "name": "Andria",
    "alt": "",
    "province": "Trani",
    "country_modern": "Italy"
  },
  "D016": {
    "name": "Anglona",
    "alt": "",
    "province": "Acerenza",
    "country_modern": "Italy"
  },
  "D018": {
    "name": "Acqui",
    "alt": "",
    "province": "Milano",
    "country_modern": "Italy"
  },
  "D019": {
    "name": "Aquileia",
    "alt": "",
    "province": "Aquileia",
    "country_modern": "Italy"
  },
  "D020": {
    "name": "Aquino",
    "alt": "",
    "province": "[Holy See]",
    "country_modern": "Italy"
  },
  "D021": {
    "name": "Arezzo",
    "alt": "",
    "province": "[Holy See]",
    "country_modern": "Italy"
  },
  "D022": {
    "name": "Ariano",
    "alt": "",
    "province": "Benevento",
    "country_modern": "Italy"
  },
  "D023": {
    "name": "Ascoli Piceno",
    "alt": "",
    "province": "[Holy See]",
    "country_modern": "Italy"
  },
  "D024": {
    "name": "Ascoli Satriano",
    "alt": "",
    "province": "Benevento",
    "country_modern": "Italy"
  },
  "D025": {
    "name": "Asolo",
    "alt": "",
    "province": "Grado",
    "country_modern": "Italy"
  },
  "D026": {
    "name": "Assisi",
    "alt": "",
    "province": "[Holy See]",
    "country_modern": "Italy"
  },
  "D027": {
    "name": "Asti",
    "alt": "",
    "province": "Milano",
    "country_modern": "Italy"
  },
  "D028": {
    "name": "Atria",
    "alt": "",
    "province": "[Holy See]",
    "country_modern": "Italy"
  },
  "D029": {
    "name": "Avellino",
    "alt": "",
    "province": "Benevento",
    "country_modern": "Italy"
  },
  "D030": {
    "name": "Aversa",
    "alt": "",
    "province": "[Holy See]",
    "country_modern": "Italy"
  },
  "D031": {
    "name": "Bagnoregio",
    "alt": "",
    "province": "[Holy See]",
    "country_modern": "Italy"
  },
  "D032": {
    "name": "Belcastro",
    "alt": "",
    "province": "Santa Severina",
    "country_modern": "Italy"
  },
  "D033": {
    "name": "Belluno",
    "alt": "",
    "province": "Aquileia",
    "country_modern": "Italy"
  },
  "D034": {
    "name": "Benevento",
    "alt": "",
    "province": "Benevento",
    "country_modern": "Italy"
  },
  "D035": {
    "name": "Bergamo",
    "alt": "",
    "province": "Milano",
    "country_modern": "Italy"
  },
  "D036": {
    "name": "Bertinoro",
    "alt": "",
    "province": "Ravenna",
    "country_modern": "Italy"
  },
  "D037": {
    "name": "Bisaccia",
    "alt": "",
    "province": "Conza",
    "country_modern": "Italy"
  },
  "D038": {
    "name": "Bisceglie",
    "alt": "",
    "province": "Trani",
    "country_modern": "Italy"
  },
  "D039": {
    "name": "Bisignano",
    "alt": "",
    "province": "[Holy See]",
    "country_modern": "Italy"
  },
  "D040": {
    "name": "Bobbio",
    "alt": "",
    "province": "Genova",
    "country_modern": "Italy"
  },
  "D041": {
    "name": "Bojano",
    "alt": "Boiano",
    "province": "Benevento",
    "country_modern": "Italy"
  },
  "D042": {
    "name": "Bologna",
    "alt": "",
    "province": "Ravenna",
    "country_modern": "Italy"
  },
  "D043": {
    "name": "Bova",
    "alt": "",
    "province": "Reggio-Calabria",
    "country_modern": "Italy"
  },
  "D044": {
    "name": "Bovino",
    "alt": "",
    "province": "Benevento",
    "country_modern": "Italy"
  },
  "D045": {
    "name": "Brescia",
    "alt": "",
    "province": "Milano",
    "country_modern": "Italy"
  },
  "D046": {
    "name": "Brindisi",
    "alt": "Oria",
    "province": "Brindisi",
    "country_modern": "Italy"
  },
  "D047": {
    "name": "Brugnato",
    "alt": "",
    "province": "Genova",
    "country_modern": "Italy"
  },
  "D048": {
    "name": "Cagli",
    "alt": "",
    "province": "[Holy See]",
    "country_modern": "Italy"
  },
  "D049": {
    "name": "Cajazzo",
    "alt": "",
    "province": "Capua",
    "country_modern": "Italy"
  },
  "D050": {
    "name": "Calvi",
    "alt": "",
    "province": "Capua",
    "country_modern": "Italy"
  },
  "D051": {
    "name": "Camerino",
    "alt": "",
    "province": "[Holy See]",
    "country_modern": "Italy"
  },
  "D052": {
    "name": "Caorle",
    "alt": "",
    "province": "Grado",
    "country_modern": "Italy"
  },
  "D053": {
    "name": "Capaccio",
    "alt": "Paestum",
    "province": "Salerno",
    "country_modern": "Italy"
  },
  "D054": {
    "name": "Koper",
    "alt": "Capodistria",
    "province": "Aquileia",
    "country_modern": "Italy"
  },
  "D055": {
    "name": "Capri",
    "alt": "",
    "province": "Amalfi",
    "country_modern": "Italy"
  },
  "D056": {
    "name": "Capua",
    "alt": "",
    "province": "Capua",
    "country_modern": "Italy"
  },
  "D057": {
    "name": "Carinola",
    "alt": "",
    "province": "Capua",
    "country_modern": "Italy"
  },
  "D058": {
    "name": "Vercelli",
    "alt": "",
    "province": "Milano",
    "country_modern": "Italy"
  },
  "D059": {
    "name": "Caserta",
    "alt": "",
    "province": "Capua",
    "country_modern": "Italy"
  },
  "D060": {
    "name": "Cassano",
    "alt": "",
    "province": "Reggio-Calabria",
    "country_modern": "Italy"
  },
  "D061": {
    "name": "Castellamare",
    "alt": "",
    "province": "Sorrento",
    "country_modern": "Italy"
  },
  "D062": {
    "name": "Castellaneta",
    "alt": "",
    "province": "Taranto",
    "country_modern": "Italy"
  },
  "D063": {
    "name": "Castello",
    "alt": "",
    "province": "Grado",
    "country_modern": "Italy"
  },
  "D064": {
    "name": "Castro",
    "alt": "",
    "province": "Torres",
    "country_modern": "Italy"
  },
  "D065": {
    "name": "Castro",
    "alt": "",
    "province": "Otranto",
    "country_modern": "Italy"
  },
  "D066": {
    "name": "Catanzaro",
    "alt": "",
    "province": "Reggio-Calabria",
    "country_modern": "Italy"
  },
  "D067": {
    "name": "Cava",
    "alt": "Badia di Cava",
    "province": "[Holy See]",
    "country_modern": "Italy"
  },
  "D068": {
    "name": "Ceneda",
    "alt": "",
    "province": "Aquileia",
    "country_modern": "Italy"
  },
  "D069": {
    "name": "Cerenza",
    "alt": "",
    "province": "Santa Severina",
    "country_modern": "Italy"
  },
  "D070": {
    "name": "Cervia",
    "alt": "",
    "province": "Ravenna",
    "country_modern": "Italy"
  },
  "D071": {
    "name": "Cesena",
    "alt": "",
    "province": "[Holy See]",
    "country_modern": "Italy"
  },
  "D072": {
    "name": "Chieti",
    "alt": "",
    "province": "[Holy See]",
    "country_modern": "Italy"
  },
  "D073": {
    "name": "Chioggia",
    "alt": "",
    "province": "Grado",
    "country_modern": "Italy"
  },
  "D074": {
    "name": "Chiusi",
    "alt": "",
    "province": "[Holy See]",
    "country_modern": "Italy"
  },
  "D075": {
    "name": "Abazzia delle Tre Fontane",
    "alt": "",
    "province": "",
    "country_modern": "Italy"
  },
  "D076": {
    "name": "Città di Castello",
    "alt": "",
    "province": "[Holy See]",
    "country_modern": "Italy"
  },
  "D077": {
    "name": "Novigrad",
    "alt": "Cittanova",
    "province": "Aquileia",
    "country_modern": "Italy"
  },
  "D078": {
    "name": "Civita Castellana",
    "alt": "",
    "province": "[Holy See]",
    "country_modern": "Italy"
  },
  "D079": {
    "name": "Comacchio",
    "alt": "",
    "province": "Ravenna",
    "country_modern": "Italy"
  },
  "D080": {
    "name": "Como",
    "alt": "",
    "province": "Aquileia",
    "country_modern": "Italy"
  },
  "D081": {
    "name": "Concordia",
    "alt": "",
    "province": "Aquileia",
    "country_modern": "Italy"
  },
  "D082": {
    "name": "Conza",
    "alt": "",
    "province": "Conza",
    "country_modern": "Italy"
  },
  "D083": {
    "name": "Cortona",
    "alt": "",
    "province": "[Holy See]",
    "country_modern": "Italy"
  },
  "D084": {
    "name": "Cosenza",
    "alt": "",
    "province": "Cosenza",
    "country_modern": "Italy"
  },
  "D085": {
    "name": "Cotrone",
    "alt": "",
    "province": "Reggio-Calabria",
    "country_modern": "Italy"
  },
  "D086": {
    "name": "Cremona",
    "alt": "",
    "province": "Milano",
    "country_modern": "Italy"
  },
  "D087": {
    "name": "Dragonara",
    "alt": "",
    "province": "Benevento",
    "country_modern": "Italy"
  },
  "D088": {
    "name": "Faenza",
    "alt": "",
    "province": "Ravenna",
    "country_modern": "Italy"
  },
  "D089": {
    "name": "Fano",
    "alt": "",
    "province": "[Holy See]",
    "country_modern": "Italy"
  },
  "D090": {
    "name": "Feltre",
    "alt": "",
    "province": "Aquileia",
    "country_modern": "Italy"
  },
  "D091": {
    "name": "Ferentino",
    "alt": "",
    "province": "[Holy See]",
    "country_modern": "Italy"
  },
  "D092": {
    "name": "Fermo",
    "alt": "",
    "province": "[Holy See]",
    "country_modern": "Italy"
  },
  "D093": {
    "name": "Ferrara",
    "alt": "",
    "province": "[Holy See]",
    "country_modern": "Italy"
  },
  "D094": {
    "name": "Fiesole",
    "alt": "",
    "province": "Fiesole",
    "country_modern": "Italy"
  },
  "D095": {
    "name": "Fiorentino",
    "alt": "",
    "province": "Benevento",
    "country_modern": "Italy"
  },
  "D096": {
    "name": "Firenze",
    "alt": "Florence",
    "province": "Fiesole",
    "country_modern": "Italy"
  },
  "D097": {
    "name": "Foligno",
    "alt": "",
    "province": "[Holy See]",
    "country_modern": "Italy"
  },
  "D098": {
    "name": "Fondi",
    "alt": "",
    "province": "[Holy See]",
    "country_modern": "Italy"
  },
  "D099": {
    "name": "Forlì",
    "alt": "",
    "province": "Ravenna",
    "country_modern": "Italy"
  },
  "D100": {
    "name": "Forlimpopoli",
    "alt": "Bertinoro",
    "province": "Ravenna",
    "country_modern": "Italy"
  },
  "D101": {
    "name": "Fossombrone",
    "alt": "",
    "province": "[Holy See]",
    "country_modern": "Italy"
  },
  "D102": {
    "name": "Frigento",
    "alt": "",
    "province": "Benevento",
    "country_modern": "Italy"
  },
  "D103": {
    "name": "Gaeta",
    "alt": "",
    "province": "[Holy See]",
    "country_modern": "Italy"
  },
  "D104": {
    "name": "Gallipoli",
    "alt": "",
    "province": "Otranto",
    "country_modern": "Italy"
  },
  "D105": {
    "name": "Genova",
    "alt": "",
    "province": "Genova",
    "country_modern": "Italy"
  },
  "D106": {
    "name": "Gerace",
    "alt": "",
    "province": "Reggio-Calabria",
    "country_modern": "Italy"
  },
  "D107": {
    "name": "Grado",
    "alt": "Venezia",
    "province": "Grado",
    "country_modern": "Italy"
  },
  "D108": {
    "name": "Gravina",
    "alt": "",
    "province": "Acerenza",
    "country_modern": "Italy"
  },
  "D109": {
    "name": "Grosseto",
    "alt": "",
    "province": "[Holy See]",
    "country_modern": "Italy"
  },
  "D110": {
    "name": "Guardialfiera",
    "alt": "",
    "province": "Benevento",
    "country_modern": "Italy"
  },
  "D111": {
    "name": "Gubbio",
    "alt": "",
    "province": "[Holy See]",
    "country_modern": "Italy"
  },
  "D112": {
    "name": "Imola",
    "alt": "",
    "province": "Ravenna",
    "country_modern": "Italy"
  },
  "D113": {
    "name": "Ischia",
    "alt": "",
    "province": "Napoli",
    "country_modern": "Italy"
  },
  "D114": {
    "name": "Isola",
    "alt": "Capo Rizzuto",
    "province": "Santa Severina",
    "country_modern": "Italy"
  },
  "D115": {
    "name": "Isernia",
    "alt": "",
    "province": "Capua",
    "country_modern": "Italy"
  },
  "D116": {
    "name": "Ivrea",
    "alt": "",
    "province": "Milano",
    "country_modern": "Italy"
  },
  "D117": {
    "name": "Jesi",
    "alt": "Iesi",
    "province": "[Holy See]",
    "country_modern": "Italy"
  },
  "D118": {
    "name": "Equilio",
    "alt": "Jesolo",
    "province": "Grado",
    "country_modern": "Italy"
  },
  "D119": {
    "name": "Lacedonia",
    "alt": "Lacedogna",
    "province": "Conza",
    "country_modern": "Italy"
  },
  "D120": {
    "name": "L'Aquila",
    "alt": "",
    "province": "[Holy See]",
    "country_modern": "Italy"
  },
  "D121": {
    "name": "Larino",
    "alt": "",
    "province": "Benevento",
    "country_modern": "Italy"
  },
  "D122": {
    "name": "Lecce",
    "alt": "",
    "province": "Otranto",
    "country_modern": "Italy"
  },
  "D123": {
    "name": "Lesina",
    "alt": "",
    "province": "Benevento",
    "country_modern": "Italy"
  },
  "D124": {
    "name": "Lettere",
    "alt": "",
    "province": "Amalfi",
    "country_modern": "Italy"
  },
  "D125": {
    "name": "Lodi",
    "alt": "",
    "province": "Milano",
    "country_modern": "Italy"
  },
  "D126": {
    "name": "Ljubljana",
    "alt": "",
    "province": "Aquileia",
    "country_modern": "Slovenia"
  },
  "D127": {
    "name": "Lucca",
    "alt": "",
    "province": "[Holy See]",
    "country_modern": "Italy"
  },
  "D128": {
    "name": "Lucera",
    "alt": "",
    "province": "Benevento",
    "country_modern": "Italy"
  },
  "D129": {
    "name": "Luni and Sarzana",
    "alt": "",
    "province": "[Holy See]",
    "country_modern": "Italy"
  },
  "D130": {
    "name": "Macerata",
    "alt": "",
    "province": "[Holy See]",
    "country_modern": "Italy"
  },
  "D131": {
    "name": "Manfredonia",
    "alt": "Siponto",
    "province": "Manfredonia",
    "country_modern": "Italy"
  },
  "D132": {
    "name": "Mantova",
    "alt": "Mantua",
    "province": "Aquileia",
    "country_modern": "Italy"
  },
  "D133": {
    "name": "Marsi",
    "alt": "Avezzano",
    "province": "[Holy See]",
    "country_modern": "Italy"
  },
  "D134": {
    "name": "Marsico Nuovo",
    "alt": "",
    "province": "Salerno",
    "country_modern": "Italy"
  },
  "D135": {
    "name": "Martirano",
    "alt": "",
    "province": "Cosenza",
    "country_modern": "Italy"
  },
  "D136": {
    "name": "Massa Lubrense",
    "alt": "",
    "province": "Sorrento",
    "country_modern": "Italy"
  },
  "D137": {
    "name": "Massa Marittima",
    "alt": "",
    "province": "Pisa",
    "country_modern": "Italy"
  },
  "D138": {
    "name": "Matera",
    "alt": "",
    "province": "Acerenza",
    "country_modern": "Italy"
  },
  "D139": {
    "name": "Melfi",
    "alt": "",
    "province": "[Holy See]",
    "country_modern": "Italy"
  },
  "D140": {
    "name": "Milano",
    "alt": "Milan",
    "province": "Milano",
    "country_modern": "Italy"
  },
  "D141": {
    "name": "Mileto",
    "alt": "",
    "province": "[Holy See]",
    "country_modern": "Italy"
  },
  "D142": {
    "name": "Minori",
    "alt": "",
    "province": "Amalfi",
    "country_modern": "Italy"
  },
  "D143": {
    "name": "Modena",
    "alt": "",
    "province": "Ravenna",
    "country_modern": "Italy"
  },
  "D144": {
    "name": "Mondovì",
    "alt": "",
    "province": "Milano",
    "country_modern": "Italy"
  },
  "D145": {
    "name": "Monopoli",
    "alt": "",
    "province": "[Holy See]",
    "country_modern": "Italy"
  },
  "D146": {
    "name": "Montalcino",
    "alt": "",
    "province": "[Holy See]",
    "country_modern": "Italy"
  },
  "D147": {
    "name": "Monte Cassino",
    "alt": "",
    "province": "[Holy See]",
    "country_modern": "Italy"
  },
  "D148": {
    "name": "Montecorvino",
    "alt": "Monte Corvino",
    "province": "Benevento",
    "country_modern": "Italy"
  },
  "D149": {
    "name": "Monte Marano",
    "alt": "",
    "province": "Benevento",
    "country_modern": "Italy"
  },
  "D150": {
    "name": "Montefeltro",
    "alt": "",
    "province": "[Holy See]",
    "country_modern": "Italy"
  },
  "D151": {
    "name": "Montefiascone",
    "alt": "",
    "province": "[Holy See]",
    "country_modern": "Italy"
  },
  "D152": {
    "name": "Montepeloso",
    "alt": "",
    "province": "Trani",
    "country_modern": "Italy"
  },
  "D153": {
    "name": "Monteverde",
    "alt": "",
    "province": "Conza",
    "country_modern": "Italy"
  },
  "D154": {
    "name": "Motula",
    "alt": "",
    "province": "Taranto",
    "country_modern": "Italy"
  },
  "D155": {
    "name": "Muro",
    "alt": "",
    "province": "Conza",
    "country_modern": "Italy"
  },
  "D156": {
    "name": "Napoli",
    "alt": "Naples",
    "province": "Napoli",
    "country_modern": "Italy"
  },
  "D157": {
    "name": "Nardò",
    "alt": "",
    "province": "[Holy See]",
    "country_modern": "Italy"
  },
  "D158": {
    "name": "Narni",
    "alt": "",
    "province": "[Holy See]",
    "country_modern": "Italy"
  },
  "D159": {
    "name": "Nepi",
    "alt": "",
    "province": "[Holy See]",
    "country_modern": "Italy"
  },
  "D160": {
    "name": "Nicastro",
    "alt": "",
    "province": "Reggio-Calabria",
    "country_modern": "Italy"
  },
  "D161": {
    "name": "Nicotera",
    "alt": "",
    "province": "Reggio-Calabria",
    "country_modern": "Italy"
  },
  "D162": {
    "name": "Nocera",
    "alt": "",
    "province": "[Holy See]",
    "country_modern": "Italy"
  },
  "D163": {
    "name": "Nocera Inferiore",
    "alt": "",
    "province": "Salerno",
    "country_modern": "Italy"
  },
  "D164": {
    "name": "Nola",
    "alt": "",
    "province": "Napoli",
    "country_modern": "Italy"
  },
  "D165": {
    "name": "Noli",
    "alt": "",
    "province": "Genova",
    "country_modern": "Italy"
  },
  "D166": {
    "name": "Novara",
    "alt": "",
    "province": "Milano",
    "country_modern": "Italy"
  },
  "D167": {
    "name": "Nusco",
    "alt": "",
    "province": "Salerno",
    "country_modern": "Italy"
  },
  "D168": {
    "name": "Oppido",
    "alt": "",
    "province": "Reggio-Calabria",
    "country_modern": "Italy"
  },
  "D169": {
    "name": "Orte",
    "alt": "",
    "province": "[Holy See]",
    "country_modern": "Italy"
  },
  "D170": {
    "name": "Orvieto",
    "alt": "",
    "province": "[Holy See]",
    "country_modern": "Italy"
  },
  "D171": {
    "name": "Osimo",
    "alt": "",
    "province": "[Holy See]",
    "country_modern": "Italy"
  },
  "D172": {
    "name": "Ostia",
    "alt": "",
    "province": "[Holy See]",
    "country_modern": "Italy"
  },
  "D173": {
    "name": "Ostuni",
    "alt": "",
    "province": "Brindisi",
    "country_modern": "Italy"
  },
  "D174": {
    "name": "Otranto",
    "alt": "",
    "province": "Otranto",
    "country_modern": "Italy"
  },
  "D175": {
    "name": "Padova",
    "alt": "Padua",
    "province": "Aquileia",
    "country_modern": "Italy"
  },
  "D176": {
    "name": "Palestrina",
    "alt": "",
    "province": "[Holy See]",
    "country_modern": "Italy"
  },
  "D177": {
    "name": "Poreč",
    "alt": "Parenzo",
    "province": "Aquileia",
    "country_modern": "Italy"
  },
  "D178": {
    "name": "Parma",
    "alt": "",
    "province": "Ravenna",
    "country_modern": "Italy"
  },
  "D179": {
    "name": "Pavia",
    "alt": "",
    "province": "[Holy See]",
    "country_modern": "Italy"
  },
  "D180": {
    "name": "Pićan",
    "alt": "Pedena",
    "province": "Aquileia",
    "country_modern": "Italy"
  },
  "D181": {
    "name": "Penne",
    "alt": "",
    "province": "[Holy See]",
    "country_modern": "Italy"
  },
  "D182": {
    "name": "Perugia",
    "alt": "",
    "province": "[Holy See]",
    "country_modern": "Italy"
  },
  "D183": {
    "name": "Pesaro",
    "alt": "",
    "province": "[Holy See]",
    "country_modern": "Italy"
  },
  "D184": {
    "name": "Piacenza",
    "alt": "",
    "province": "[Holy See]",
    "country_modern": "Italy"
  },
  "D185": {
    "name": "Pienza",
    "alt": "",
    "province": "[Holy See]",
    "country_modern": "Italy"
  },
  "D186": {
    "name": "Pisa",
    "alt": "",
    "province": "Pisa",
    "country_modern": "Italy"
  },
  "D187": {
    "name": "Pistoia",
    "alt": "",
    "province": "[Holy See]",
    "country_modern": "Italy"
  },
  "D188": {
    "name": "Pula",
    "alt": "Pola",
    "province": "Aquileia",
    "country_modern": "Italy"
  },
  "D189": {
    "name": "Policastro",
    "alt": "",
    "province": "Salerno",
    "country_modern": "Italy"
  },
  "D190": {
    "name": "Porto",
    "alt": "",
    "province": "[Holy See]",
    "country_modern": "Italy"
  },
  "D191": {
    "name": "Potenza",
    "alt": "",
    "province": "Acerenza",
    "country_modern": "Italy"
  },
  "D192": {
    "name": "Pozzuoli",
    "alt": "",
    "province": "Napoli",
    "country_modern": "Italy"
  },
  "D193": {
    "name": "Rapolla",
    "alt": "",
    "province": "[Holy See]",
    "country_modern": "Italy"
  },
  "D194": {
    "name": "Ravello",
    "alt": "",
    "province": "[Holy See]",
    "country_modern": "Italy"
  },
  "D195": {
    "name": "Ravenna",
    "alt": "",
    "province": "Ravenna",
    "country_modern": "Italy"
  },
  "D196": {
    "name": "Recanati",
    "alt": "",
    "province": "[Holy See]",
    "country_modern": "Italy"
  },
  "D197": {
    "name": "Reggio-Calabria",
    "alt": "",
    "province": "Reggio-Calabria",
    "country_modern": "Italy"
  },
  "D198": {
    "name": "Reggio-Emilia",
    "alt": "",
    "province": "Ravenna",
    "country_modern": "Italy"
  },
  "D199": {
    "name": "Rieti",
    "alt": "",
    "province": "[Holy See]",
    "country_modern": "Italy"
  },
  "D200": {
    "name": "Rimini",
    "alt": "",
    "province": "[Holy See]",
    "country_modern": "Italy"
  },
  "D201": {
    "name": "Rossano",
    "alt": "",
    "province": "Rossano",
    "country_modern": "Italy"
  },
  "D202": {
    "name": "Sabina",
    "alt": "",
    "province": "[Holy See]",
    "country_modern": "Italy"
  },
  "D203": {
    "name": "Salerno",
    "alt": "",
    "province": "Salerno",
    "country_modern": "Italy"
  },
  "D204": {
    "name": "San Leone",
    "alt": "",
    "province": "Santa Severina",
    "country_modern": "Italy"
  },
  "D205": {
    "name": "San Marco",
    "alt": "",
    "province": "[Holy See]",
    "country_modern": "Italy"
  },
  "D206": {
    "name": "Sant'Agata de' Goti",
    "alt": "",
    "province": "Benevento",
    "country_modern": "Italy"
  },
  "D207": {
    "name": "Sant'Angelo de' Lombardi",
    "alt": "",
    "province": "Conza",
    "country_modern": "Italy"
  },
  "D208": {
    "name": "Santa Severina",
    "alt": "",
    "province": "Santa Severina",
    "country_modern": "Italy"
  },
  "D209": {
    "name": "Sarno",
    "alt": "",
    "province": "Salerno",
    "country_modern": "Italy"
  },
  "D210": {
    "name": "Sarsina",
    "alt": "",
    "province": "Ravenna",
    "country_modern": "Italy"
  },
  "D211": {
    "name": "Satriano",
    "alt": "",
    "province": "Conza",
    "country_modern": "Italy"
  },
  "D212": {
    "name": "Savona",
    "alt": "",
    "province": "Milano",
    "country_modern": "Italy"
  },
  "D213": {
    "name": "Scala",
    "alt": "",
    "province": "Amalfi",
    "country_modern": "Italy"
  },
  "D214": {
    "name": "Segni",
    "alt": "",
    "province": "[Holy See]",
    "country_modern": "Italy"
  },
  "D215": {
    "name": "Sessa",
    "alt": "",
    "province": "Capua",
    "country_modern": "Italy"
  },
  "D216": {
    "name": "Siena",
    "alt": "",
    "province": "Siena",
    "country_modern": "Italy"
  },
  "D217": {
    "name": "Sinigaglia",
    "alt": "Senigallia",
    "province": "[Holy See]",
    "country_modern": "Italy"
  },
  "D218": {
    "name": "Sora",
    "alt": "",
    "province": "[Holy See]",
    "country_modern": "Italy"
  },
  "D219": {
    "name": "Sorrento",
    "alt": "",
    "province": "Sorrento",
    "country_modern": "Italy"
  },
  "D220": {
    "name": "Sovanna",
    "alt": "Sovana",
    "province": "[Holy See]",
    "country_modern": "Italy"
  },
  "D221": {
    "name": "Spoleto",
    "alt": "",
    "province": "[Holy See]",
    "country_modern": "Italy"
  },
  "D222": {
    "name": "Squillace",
    "alt": "",
    "province": "Reggio-Calabria",
    "country_modern": "Italy"
  },
  "D223": {
    "name": "Strongoli",
    "alt": "",
    "province": "Santa Severina",
    "country_modern": "Italy"
  },
  "D224": {
    "name": "Sutri",
    "alt": "",
    "province": "[Holy See]",
    "country_modern": "Italy"
  },
  "D225": {
    "name": "Taranto",
    "alt": "",
    "province": "Taranto",
    "country_modern": "Italy"
  },
  "D226": {
    "name": "Teano",
    "alt": "",
    "province": "Capua",
    "country_modern": "Italy"
  },
  "D227": {
    "name": "Telese",
    "alt": "",
    "province": "Benevento",
    "country_modern": "Italy"
  },
  "D228": {
    "name": "Teramo",
    "alt": "",
    "province": "[Holy See]",
    "country_modern": "Italy"
  },
  "D229": {
    "name": "Termoli",
    "alt": "",
    "province": "Benevento",
    "country_modern": "Italy"
  },
  "D230": {
    "name": "Terni",
    "alt": "",
    "province": "[Holy See]",
    "country_modern": "Italy"
  },
  "D231": {
    "name": "Terracina",
    "alt": "",
    "province": "[Holy See]",
    "country_modern": "Italy"
  },
  "D232": {
    "name": "Tertiveri",
    "alt": "Tortiboli",
    "province": "Benevento",
    "country_modern": "Italy"
  },
  "D233": {
    "name": "Tivoli",
    "alt": "",
    "province": "[Holy See]",
    "country_modern": "Italy"
  },
  "D234": {
    "name": "Todi",
    "alt": "",
    "province": "[Holy See]",
    "country_modern": "Italy"
  },
  "D235": {
    "name": "Torcello",
    "alt": "",
    "province": "Aquileia",
    "country_modern": "Italy"
  },
  "D236": {
    "name": "Torino",
    "alt": "Turin",
    "province": "Milano",
    "country_modern": "Italy"
  },
  "D238": {
    "name": "Tortona",
    "alt": "",
    "province": "Milano",
    "country_modern": "Italy"
  },
  "D239": {
    "name": "Trani",
    "alt": "",
    "province": "Trani",
    "country_modern": "Italy"
  },
  "D240": {
    "name": "Trento",
    "alt": "",
    "province": "Aquileia",
    "country_modern": "Italy"
  },
  "D241": {
    "name": "Trevico",
    "alt": "",
    "province": "Benevento",
    "country_modern": "Italy"
  },
  "D242": {
    "name": "Treviso",
    "alt": "",
    "province": "Aquileia",
    "country_modern": "Italy"
  },
  "D243": {
    "name": "Tricarico",
    "alt": "",
    "province": "Acerenza",
    "country_modern": "Italy"
  },
  "D244": {
    "name": "Trieste",
    "alt": "",
    "province": "Aquileia",
    "country_modern": "Italy"
  },
  "D245": {
    "name": "Trivento",
    "alt": "",
    "province": "Benevento",
    "country_modern": "Italy"
  },
  "D246": {
    "name": "Troia",
    "alt": "Troja",
    "province": "[Holy See]",
    "country_modern": "Italy"
  },
  "D247": {
    "name": "Tropea",
    "alt": "",
    "province": "Reggio-Calabria",
    "country_modern": "Italy"
  },
  "D248": {
    "name": "Tuscania",
    "alt": "Tusculum",
    "province": "[Holy See]",
    "country_modern": "Italy"
  },
  "D249": {
    "name": "Ugento",
    "alt": "",
    "province": "Otranto",
    "country_modern": "Italy"
  },
  "D250": {
    "name": "Casale Monferrato",
    "alt": "",
    "province": "",
    "country_modern": "Italy"
  },
  "D251": {
    "name": "Umbriatico",
    "alt": "",
    "province": "Santa Severina",
    "country_modern": "Italy"
  },
  "D252": {
    "name": "Urbino",
    "alt": "",
    "province": "[Holy See]",
    "country_modern": "Italy"
  },
  "D253": {
    "name": "Valva-Sulmona",
    "alt": "",
    "province": "[Holy See]",
    "country_modern": "Italy"
  },
  "D254": {
    "name": "Venafro",
    "alt": "",
    "province": "Capua",
    "country_modern": "Italy"
  },
  "D255": {
    "name": "Venezia",
    "alt": "Venice",
    "province": "Grado",
    "country_modern": "Italy"
  },
  "D256": {
    "name": "Venosa",
    "alt": "",
    "province": "Acerenza",
    "country_modern": "Italy"
  },
  "D257": {
    "name": "Ventimiglia",
    "alt": "",
    "province": "Milano",
    "country_modern": "Italy"
  },
  "D258": {
    "name": "Velletri",
    "alt": "",
    "province": "[Holy See]",
    "country_modern": "Italy"
  },
  "D259": {
    "name": "Veroli",
    "alt": "",
    "province": "[Holy See]",
    "country_modern": "Italy"
  },
  "D260": {
    "name": "Verona",
    "alt": "",
    "province": "Aquileia",
    "country_modern": "Italy"
  },
  "D261": {
    "name": "Vicenza",
    "alt": "",
    "province": "Aquileia",
    "country_modern": "Italy"
  },
  "D262": {
    "name": "Vico Equense",
    "alt": "",
    "province": "Sorrento",
    "country_modern": "Italy"
  },
  "D263": {
    "name": "Vieste",
    "alt": "",
    "province": "Manfredonia",
    "country_modern": "Italy"
  },
  "D264": {
    "name": "Viterbo",
    "alt": "",
    "province": "[Holy See]",
    "country_modern": "Italy"
  },
  "D265": {
    "name": "Volterra",
    "alt": "",
    "province": "[Holy See]",
    "country_modern": "Italy"
  },
  "D266": {
    "name": "Volturara",
    "alt": "",
    "province": "Benevento",
    "country_modern": "Italy"
  },
  "D267": {
    "name": "Agrigento",
    "alt": "",
    "province": "Palermo",
    "country_modern": "Italy"
  },
  "D268": {
    "name": "Catania",
    "alt": "",
    "province": "[Holy See]",
    "country_modern": "Italy"
  },
  "D269": {
    "name": "Cefalù",
    "alt": "",
    "province": "Messina",
    "country_modern": "Italy"
  },
  "D270": {
    "name": "Mazzara",
    "alt": "",
    "province": "Palermo",
    "country_modern": "Italy"
  },
  "D271": {
    "name": "Messina",
    "alt": "",
    "province": "Messina",
    "country_modern": "Italy"
  },
  "D272": {
    "name": "Monreale",
    "alt": "",
    "province": "Monreale",
    "country_modern": "Italy"
  },
  "D273": {
    "name": "Palermo",
    "alt": "",
    "province": "Palermo",
    "country_modern": "Italy"
  },
  "D274": {
    "name": "Patti",
    "alt": "",
    "province": "Messina",
    "country_modern": "Italy"
  },
  "D275": {
    "name": "Siracusa",
    "alt": "Syracuse",
    "province": "Monreale",
    "country_modern": "Italy"
  },
  "D276": {
    "name": "Ales",
    "alt": "",
    "province": "Oristano",
    "country_modern": "Italy"
  },
  "D277": {
    "name": "Bisarcio",
    "alt": "",
    "province": "Torres",
    "country_modern": "Italy"
  },
  "D278": {
    "name": "Bosa",
    "alt": "",
    "province": "Torres",
    "country_modern": "Italy"
  },
  "D279": {
    "name": "Cagliari",
    "alt": "",
    "province": "Cagliari",
    "country_modern": "Italy"
  },
  "D280": {
    "name": "Castro",
    "alt": "",
    "province": "[Holy See]",
    "country_modern": "Italy"
  },
  "D281": {
    "name": "Civita",
    "alt": "Tempio",
    "province": "[Holy See]",
    "country_modern": "Italy"
  },
  "D282": {
    "name": "Dolia",
    "alt": "Doglia",
    "province": "Cagliari",
    "country_modern": "Italy"
  },
  "D283": {
    "name": "Galtelli",
    "alt": "",
    "province": "[Holy See]",
    "country_modern": "Italy"
  },
  "D284": {
    "name": "Oristano",
    "alt": "",
    "province": "Oristano",
    "country_modern": "Italy"
  },
  "D285": {
    "name": "Ottana",
    "alt": "",
    "province": "Torres",
    "country_modern": "Italy"
  },
  "D286": {
    "name": "Ploaghe",
    "alt": "",
    "province": "Torres",
    "country_modern": "Italy"
  },
  "D287": {
    "name": "Santa Giusta",
    "alt": "",
    "province": "Oristano",
    "country_modern": "Italy"
  },
  "D288": {
    "name": "Sassari",
    "alt": "Torres",
    "province": "Torres",
    "country_modern": "Italy"
  },
  "D289": {
    "name": "Sorres",
    "alt": "Sorra",
    "province": "Torres",
    "country_modern": "Italy"
  },
  "D290": {
    "name": "Suelli",
    "alt": "",
    "province": "Cagliari",
    "country_modern": "Italy"
  },
  "D291": {
    "name": "Sulci",
    "alt": "",
    "province": "Cagliari",
    "country_modern": "Italy"
  },
  "D292": {
    "name": "Tempio",
    "alt": "",
    "province": "Pisa",
    "country_modern": "Italy"
  },
  "D293": {
    "name": "Terralba",
    "alt": "",
    "province": "Oristano",
    "country_modern": "Italy"
  },
  "D295": {
    "name": "Canterbury",
    "alt": "",
    "province": "Canterbury",
    "country_modern": "England"
  },
  "D296": {
    "name": "Rochester",
    "alt": "",
    "province": "Canterbury",
    "country_modern": "England"
  },
  "D297": {
    "name": "London",
    "alt": "",
    "province": "Canterbury",
    "country_modern": "England"
  },
  "D298": {
    "name": "York",
    "alt": "",
    "province": "York",
    "country_modern": "England"
  },
  "D299": {
    "name": "Winchester",
    "alt": "",
    "province": "Canterbury",
    "country_modern": "England"
  },
  "D300": {
    "name": "Coventry & Lichfield",
    "alt": "",
    "province": "Canterbury",
    "country_modern": "England"
  },
  "D301": {
    "name": "Durham",
    "alt": "",
    "province": "York",
    "country_modern": "England"
  },
  "D302": {
    "name": "Norwich",
    "alt": "",
    "province": "Canterbury",
    "country_modern": "England"
  },
  "D303": {
    "name": "Hereford",
    "alt": "",
    "province": "Canterbury",
    "country_modern": "England"
  },
  "D304": {
    "name": "Lincoln",
    "alt": "",
    "province": "Canterbury",
    "country_modern": "England"
  },
  "D305": {
    "name": "Worcester",
    "alt": "",
    "province": "Canterbury",
    "country_modern": "England"
  },
  "D306": {
    "name": "Chichester",
    "alt": "",
    "province": "Canterbury",
    "country_modern": "England"
  },
  "D307": {
    "name": "Salisbury",
    "alt": "",
    "province": "Canterbury",
    "country_modern": "England"
  },
  "D308": {
    "name": "Exeter",
    "alt": "",
    "province": "Canterbury",
    "country_modern": "England"
  },
  "D309": {
    "name": "Bath",
    "alt": "Bath & Wells",
    "province": "Canterbury",
    "country_modern": "England"
  },
  "D310": {
    "name": "Ely",
    "alt": "",
    "province": "Canterbury",
    "country_modern": "England"
  },
  "D311": {
    "name": "Carlisle",
    "alt": "",
    "province": "York",
    "country_modern": "England"
  },
  "D312": {
    "name": "Sodor and Man",
    "alt": "Isles",
    "province": "[Holy See]",
    "country_modern": "[Scotland]"
  },
  "D313": {
    "name": "Llandaff",
    "alt": "",
    "province": "Canterbury",
    "country_modern": "Wales"
  },
  "D314": {
    "name": "Bangor",
    "alt": "",
    "province": "Canterbury",
    "country_modern": "Wales"
  },
  "D315": {
    "name": "St. David's",
    "alt": "",
    "province": "Canterbury",
    "country_modern": "Wales"
  },
  "D316": {
    "name": "St. Asaph",
    "alt": "",
    "province": "Canterbury",
    "country_modern": "Wales"
  },
  "D317": {
    "name": "Aberdeen",
    "alt": "",
    "province": "[Holy See]",
    "country_modern": "Scotland"
  },
  "D318": {
    "name": "Argyll",
    "alt": "",
    "province": "[Holy See]",
    "country_modern": "Scotland"
  },
  "D319": {
    "name": "Brechin",
    "alt": "",
    "province": "[Holy See]",
    "country_modern": "Scotland"
  },
  "D320": {
    "name": "Caithness",
    "alt": "",
    "province": "[Holy See]",
    "country_modern": "Scotland"
  },
  "D321": {
    "name": "Dunblane",
    "alt": "",
    "province": "[Holy See]",
    "country_modern": "Scotland"
  },
  "D322": {
    "name": "Dunkeld",
    "alt": "",
    "province": "[Holy See]",
    "country_modern": "Scotland"
  },
  "D323": {
    "name": "Edinburgh",
    "alt": "",
    "province": "[Holy See]",
    "country_modern": "Scotland"
  },
  "D324": {
    "name": "Galloway",
    "alt": "",
    "province": "[Holy See]",
    "country_modern": "Scotland"
  },
  "D325": {
    "name": "Glasgow",
    "alt": "",
    "province": "[Holy See]",
    "country_modern": "Scotland"
  },
  "D326": {
    "name": "Moray",
    "alt": "",
    "province": "[Holy See]",
    "country_modern": "Scotland"
  },
  "D327": {
    "name": "Orkney",
    "alt": "",
    "province": "Trondheim",
    "country_modern": "Scotland"
  },
  "D328": {
    "name": "Ross",
    "alt": "",
    "province": "[Holy See]",
    "country_modern": "Scotland"
  },
  "D329": {
    "name": "St. Andrews",
    "alt": "",
    "province": "[Holy See]",
    "country_modern": "Scotland"
  },
  "D330": {
    "name": "Aix",
    "alt": "",
    "province": "Aix",
    "country_modern": "France"
  },
  "D331": {
    "name": "Apt",
    "alt": "",
    "province": "Aix",
    "country_modern": "France"
  },
  "D332": {
    "name": "Frejus",
    "alt": "",
    "province": "Aix",
    "country_modern": "France"
  },
  "D333": {
    "name": "Gap",
    "alt": "",
    "province": "Aix",
    "country_modern": "France"
  },
  "D334": {
    "name": "Riez",
    "alt": "",
    "province": "Aix",
    "country_modern": "France"
  },
  "D335": {
    "name": "Sisteron",
    "alt": "",
    "province": "Aix",
    "country_modern": "France"
  },
  "D337": {
    "name": "Arles",
    "alt": "",
    "province": "Arles",
    "country_modern": "France"
  },
  "D338": {
    "name": "Marseille",
    "alt": "",
    "province": "Arles",
    "country_modern": "France"
  },
  "D339": {
    "name": "Orange",
    "alt": "",
    "province": "Arles",
    "country_modern": "France"
  },
  "D340": {
    "name": "Saint-Paul-Trois-Châteaux",
    "alt": "",
    "province": "Arles",
    "country_modern": "France"
  },
  "D341": {
    "name": "Toulon",
    "alt": "",
    "province": "Arles",
    "country_modern": "France"
  },
  "D342": {
    "name": "Avignon",
    "alt": "",
    "province": "Arles",
    "country_modern": "France"
  },
  "D343": {
    "name": "Carpentras",
    "alt": "",
    "province": "Arles",
    "country_modern": "France"
  },
  "D344": {
    "name": "Cavaillon",
    "alt": "",
    "province": "Arles",
    "country_modern": "France"
  },
  "D345": {
    "name": "Vaison",
    "alt": "",
    "province": "Arles",
    "country_modern": "France"
  },
  "D350": {
    "name": "Auch",
    "alt": "",
    "province": "Auch",
    "country_modern": "France"
  },
  "D351": {
    "name": "Aire",
    "alt": "",
    "province": "Auch",
    "country_modern": "France"
  },
  "D352": {
    "name": "Bazas",
    "alt": "",
    "province": "Auch",
    "country_modern": "France"
  },
  "D353": {
    "name": "Dax",
    "alt": "",
    "province": "Auch",
    "country_modern": "France"
  },
  "D354": {
    "name": "Bayonne",
    "alt": "",
    "province": "Auch",
    "country_modern": "France"
  },
  "D355": {
    "name": "Lectoure",
    "alt": "",
    "province": "Auch",
    "country_modern": "France"
  },
  "D356": {
    "name": "Lescar",
    "alt": "",
    "province": "Auch",
    "country_modern": "France"
  },
  "D357": {
    "name": "Oloron",
    "alt": "",
    "province": "Auch",
    "country_modern": "France"
  },
  "D358": {
    "name": "Saint-Bertrand-de-Comminges",
    "alt": "",
    "province": "Auch",
    "country_modern": "France"
  },
  "D359": {
    "name": "Couserans",
    "alt": "Saint-Lizier",
    "province": "Auch",
    "country_modern": "France"
  },
  "D360": {
    "name": "Tarbes",
    "alt": "",
    "province": "Auch",
    "country_modern": "France"
  },
  "D361": {
    "name": "Besancon",
    "alt": "",
    "province": "Besancon",
    "country_modern": "France"
  },
  "D362": {
    "name": "Basel",
    "alt": "",
    "province": "Besancon",
    "country_modern": "Switzerland"
  },
  "D363": {
    "name": "Belley",
    "alt": "",
    "province": "Besancon",
    "country_modern": "France"
  },
  "D364": {
    "name": "Lausanne",
    "alt": "",
    "province": "Besancon",
    "country_modern": "Switzerland"
  },
  "D365": {
    "name": "Bordeaux",
    "alt": "",
    "province": "Bordeaux",
    "country_modern": "France"
  },
  "D366": {
    "name": "Agen",
    "alt": "",
    "province": "Bordeaux",
    "country_modern": "France"
  },
  "D367": {
    "name": "Condom",
    "alt": "",
    "province": "Bordeaux",
    "country_modern": "France"
  },
  "D368": {
    "name": "Angouleme",
    "alt": "",
    "province": "Bordeaux",
    "country_modern": "France"
  },
  "D369": {
    "name": "Perigueux",
    "alt": "",
    "province": "Bordeaux",
    "country_modern": "France"
  },
  "D370": {
    "name": "Sarlat",
    "alt": "",
    "province": "Bordeaux",
    "country_modern": "France"
  },
  "D371": {
    "name": "Poitiers",
    "alt": "",
    "province": "Bordeaux",
    "country_modern": "France"
  },
  "D372": {
    "name": "Lucon",
    "alt": "",
    "province": "Bordeaux",
    "country_modern": "France"
  },
  "D373": {
    "name": "Maillezais",
    "alt": "",
    "province": "Bordeaux",
    "country_modern": "France"
  },
  "D374": {
    "name": "Saintes",
    "alt": "",
    "province": "Bordeaux",
    "country_modern": "France"
  },
  "D375": {
    "name": "Bourges",
    "alt": "",
    "province": "Bourges",
    "country_modern": "France"
  },
  "D376": {
    "name": "Clermont",
    "alt": "Clermont-Ferrand",
    "province": "Bourges",
    "country_modern": "France"
  },
  "D377": {
    "name": "Saint-Flour",
    "alt": "",
    "province": "Bourges",
    "country_modern": "France"
  },
  "D378": {
    "name": "Limoges",
    "alt": "",
    "province": "Bourges",
    "country_modern": "France"
  },
  "D379": {
    "name": "Tulle",
    "alt": "",
    "province": "Bourges",
    "country_modern": "France"
  },
  "D380": {
    "name": "Le Puy",
    "alt": "",
    "province": "Bourges",
    "country_modern": "France"
  },
  "D381": {
    "name": "Albi",
    "alt": "",
    "province": "Bourges",
    "country_modern": "France"
  },
  "D382": {
    "name": "Castres",
    "alt": "",
    "province": "Bourges",
    "country_modern": "France"
  },
  "D383": {
    "name": "Cahors",
    "alt": "",
    "province": "Bourges",
    "country_modern": "France"
  },
  "D384": {
    "name": "Mende",
    "alt": "",
    "province": "Bourges",
    "country_modern": "France"
  },
  "D385": {
    "name": "Rodez",
    "alt": "",
    "province": "Bourges",
    "country_modern": "France"
  },
  "D386": {
    "name": "Vabres",
    "alt": "",
    "province": "Bourges",
    "country_modern": "France"
  },
  "D387": {
    "name": "Embrun",
    "alt": "",
    "province": "Embrun",
    "country_modern": "France"
  },
  "D388": {
    "name": "Digne",
    "alt": "",
    "province": "Embrun",
    "country_modern": "France"
  },
  "D389": {
    "name": "Glandèves",
    "alt": "Entrevaux",
    "province": "Embrun",
    "country_modern": "France"
  },
  "D391": {
    "name": "Grasse",
    "alt": "Antibes",
    "province": "Embrun",
    "country_modern": "France"
  },
  "D392": {
    "name": "Nice",
    "alt": "",
    "province": "Embrun",
    "country_modern": "France"
  },
  "D393": {
    "name": "Senez",
    "alt": "",
    "province": "Embrun",
    "country_modern": "France"
  },
  "D394": {
    "name": "Vence",
    "alt": "",
    "province": "Embrun",
    "country_modern": "France"
  },
  "D395": {
    "name": "Lyon",
    "alt": "",
    "province": "Lyon",
    "country_modern": "France"
  },
  "D396": {
    "name": "Autun",
    "alt": "",
    "province": "Lyon",
    "country_modern": "France"
  },
  "D397": {
    "name": "Langres",
    "alt": "",
    "province": "Lyon",
    "country_modern": "France"
  },
  "D398": {
    "name": "Chalon-sur-Saone",
    "alt": "",
    "province": "Lyon",
    "country_modern": "France"
  },
  "D399": {
    "name": "Macon",
    "alt": "",
    "province": "Lyon",
    "country_modern": "France"
  },
  "D400": {
    "name": "Narbonne",
    "alt": "",
    "province": "Narbonne",
    "country_modern": "France"
  },
  "D401": {
    "name": "Alet",
    "alt": "",
    "province": "Narbonne",
    "country_modern": "France"
  },
  "D402": {
    "name": "Carcassonne",
    "alt": "",
    "province": "Narbonne",
    "country_modern": "France"
  },
  "D403": {
    "name": "Maguelonne",
    "alt": "Maguelone",
    "province": "Narbonne",
    "country_modern": "France"
  },
  "D404": {
    "name": "Elne",
    "alt": "",
    "province": "Narbonne",
    "country_modern": "France"
  },
  "D405": {
    "name": "Saint-Pons",
    "alt": "Saint-Pons-de-Thomières",
    "province": "Narbonne",
    "country_modern": "France"
  },
  "D406": {
    "name": "Agde",
    "alt": "",
    "province": "Narbonne",
    "country_modern": "France"
  },
  "D407": {
    "name": "Beziers",
    "alt": "",
    "province": "Narbonne",
    "country_modern": "France"
  },
  "D408": {
    "name": "Lodeve",
    "alt": "",
    "province": "Narbonne",
    "country_modern": "France"
  },
  "D409": {
    "name": "Nimes",
    "alt": "",
    "province": "Narbonne",
    "country_modern": "France"
  },
  "D410": {
    "name": "Uzes",
    "alt": "",
    "province": "Narbonne",
    "country_modern": "France"
  },
  "D411": {
    "name": "Pamiers",
    "alt": "",
    "province": "Narbonne",
    "country_modern": "France"
  },
  "D412": {
    "name": "Toulouse",
    "alt": "",
    "province": "Narbonne",
    "country_modern": "France"
  },
  "D414": {
    "name": "Lavaur",
    "alt": "",
    "province": "Toulouse",
    "country_modern": "France"
  },
  "D415": {
    "name": "Lombez",
    "alt": "",
    "province": "Toulouse",
    "country_modern": "France"
  },
  "D416": {
    "name": "Montauban",
    "alt": "",
    "province": "Toulouse",
    "country_modern": "France"
  },
  "D418": {
    "name": "Mirepoix",
    "alt": "",
    "province": "Toulouse",
    "country_modern": "France"
  },
  "D419": {
    "name": "Rieux",
    "alt": "",
    "province": "Toulouse",
    "country_modern": "France"
  },
  "D420": {
    "name": "Saint-Papoul",
    "alt": "",
    "province": "Toulouse",
    "country_modern": "France"
  },
  "D421": {
    "name": "Reims",
    "alt": "",
    "province": "Reims",
    "country_modern": "France"
  },
  "D422": {
    "name": "Laon",
    "alt": "",
    "province": "Reims",
    "country_modern": "France"
  },
  "D423": {
    "name": "Amiens",
    "alt": "",
    "province": "Reims",
    "country_modern": "France"
  },
  "D424": {
    "name": "Beauvais",
    "alt": "",
    "province": "Reims",
    "country_modern": "France"
  },
  "D425": {
    "name": "Chalons-sur-Marne",
    "alt": "Chalons-en-Champagne",
    "province": "Reims",
    "country_modern": "France"
  },
  "D426": {
    "name": "Senlis",
    "alt": "",
    "province": "Reims",
    "country_modern": "France"
  },
  "D427": {
    "name": "Soissons",
    "alt": "",
    "province": "Reims",
    "country_modern": "France"
  },
  "D428": {
    "name": "Noyon",
    "alt": "",
    "province": "Reims",
    "country_modern": "France"
  },
  "D429": {
    "name": "Therouanne",
    "alt": "",
    "province": "Reims",
    "country_modern": "France"
  },
  "D430": {
    "name": "Cambrai",
    "alt": "",
    "province": "Reims",
    "country_modern": "France"
  },
  "D431": {
    "name": "Arras",
    "alt": "",
    "province": "Reims",
    "country_modern": "France"
  },
  "D432": {
    "name": "Tournai",
    "alt": "",
    "province": "Reims",
    "country_modern": "Belgium"
  },
  "D433": {
    "name": "Rouen",
    "alt": "",
    "province": "Rouen",
    "country_modern": "France"
  },
  "D434": {
    "name": "Avranches",
    "alt": "",
    "province": "Rouen",
    "country_modern": "France"
  },
  "D435": {
    "name": "Bayeux",
    "alt": "",
    "province": "Rouen",
    "country_modern": "France"
  },
  "D436": {
    "name": "Coutances",
    "alt": "",
    "province": "Rouen",
    "country_modern": "France"
  },
  "D437": {
    "name": "Evreux",
    "alt": "",
    "province": "Rouen",
    "country_modern": "France"
  },
  "D438": {
    "name": "Lisieux",
    "alt": "",
    "province": "Rouen",
    "country_modern": "France"
  },
  "D439": {
    "name": "Sees",
    "alt": "",
    "province": "Rouen",
    "country_modern": "France"
  },
  "D440": {
    "name": "Tours",
    "alt": "",
    "province": "Tours",
    "country_modern": "France"
  },
  "D441": {
    "name": "Angers",
    "alt": "",
    "province": "Tours",
    "country_modern": "France"
  },
  "D442": {
    "name": "Le Mans",
    "alt": "",
    "province": "Tours",
    "country_modern": "France"
  },
  "D443": {
    "name": "Nantes",
    "alt": "",
    "province": "Tours",
    "country_modern": "France"
  },
  "D444": {
    "name": "Dol",
    "alt": "",
    "province": "Tours",
    "country_modern": "France"
  },
  "D445": {
    "name": "Quimper",
    "alt": "Cornouailles",
    "province": "Tours",
    "country_modern": "France"
  },
  "D446": {
    "name": "Rennes",
    "alt": "",
    "province": "Tours",
    "country_modern": "France"
  },
  "D447": {
    "name": "Saint-Brieuc",
    "alt": "",
    "province": "Tours",
    "country_modern": "France"
  },
  "D448": {
    "name": "Saint-Malo",
    "alt": "",
    "province": "Tours",
    "country_modern": "France"
  },
  "D449": {
    "name": "Saint-Pol-de-Leon",
    "alt": "",
    "province": "Tours",
    "country_modern": "France"
  },
  "D450": {
    "name": "Treguier",
    "alt": "",
    "province": "Tours",
    "country_modern": "France"
  },
  "D451": {
    "name": "Vannes",
    "alt": "",
    "province": "Tours",
    "country_modern": "France"
  },
  "D452": {
    "name": "Sens",
    "alt": "",
    "province": "Sens",
    "country_modern": "France"
  },
  "D453": {
    "name": "Auxerre",
    "alt": "",
    "province": "Sens",
    "country_modern": "France"
  },
  "D454": {
    "name": "Nevers",
    "alt": "",
    "province": "Sens",
    "country_modern": "France"
  },
  "D455": {
    "name": "Troyes",
    "alt": "",
    "province": "Sens",
    "country_modern": "France"
  },
  "D456": {
    "name": "Paris",
    "alt": "",
    "province": "Sens",
    "country_modern": "France"
  },
  "D457": {
    "name": "Chartres",
    "alt": "",
    "province": "Sens",
    "country_modern": "France"
  },
  "D458": {
    "name": "Meaux",
    "alt": "",
    "province": "Sens",
    "country_modern": "France"
  },
  "D459": {
    "name": "Orleans",
    "alt": "",
    "province": "Sens",
    "country_modern": "France"
  },
  "D460": {
    "name": "Tarentaise",
    "alt": "Moutiers-en-Tarentaise",
    "province": "Tarentaise",
    "country_modern": "France"
  },
  "D461": {
    "name": "Aosta",
    "alt": "Aoste",
    "province": "Tarentaise",
    "country_modern": "Italy"
  },
  "D462": {
    "name": "Sion",
    "alt": "Sitten",
    "province": "Tarentaise",
    "country_modern": "Switzerland"
  },
  "D463": {
    "name": "Vienne",
    "alt": "",
    "province": "Vienne",
    "country_modern": "France"
  },
  "D464": {
    "name": "Die",
    "alt": "",
    "province": "Vienne",
    "country_modern": "France"
  },
  "D465": {
    "name": "Annecy",
    "alt": "Geneve",
    "province": "Vienne",
    "country_modern": "Switzerland"
  },
  "D466": {
    "name": "Grenoble",
    "alt": "",
    "province": "Vienne",
    "country_modern": "France"
  },
  "D467": {
    "name": "Saint-Jean-de-Maurienne",
    "alt": "Maurienne",
    "province": "Vienne",
    "country_modern": "France"
  },
  "D468": {
    "name": "Valence",
    "alt": "",
    "province": "Vienne",
    "country_modern": "France"
  },
  "D469": {
    "name": "Viviers",
    "alt": "",
    "province": "Vienne",
    "country_modern": "France"
  },
  "D470": {
    "name": "Modruš",
    "alt": "Modrus",
    "province": "Vienne",
    "country_modern": "Croatia"
  },
  "D471": {
    "name": "Senj",
    "alt": "Segna",
    "province": "Split",
    "country_modern": "Croatia"
  },
  "D472": {
    "name": "Krk",
    "alt": "Veglia",
    "province": "Split",
    "country_modern": "Croatia"
  },
  "D473": {
    "name": "Zadar",
    "alt": "Zara",
    "province": "Zadar",
    "country_modern": "Croatia"
  },
  "D474": {
    "name": "Krbava",
    "alt": "",
    "province": "Split",
    "country_modern": "Croatia"
  },
  "D475": {
    "name": "Rab",
    "alt": "Arbe",
    "province": "Zadar",
    "country_modern": "Croatia"
  },
  "D477": {
    "name": "Nin",
    "alt": "Nona",
    "province": "Split",
    "country_modern": "Croatia"
  },
  "D478": {
    "name": "Knin",
    "alt": "Tininum",
    "province": "Zadar",
    "country_modern": "Croatia"
  },
  "D479": {
    "name": "Skradin",
    "alt": "Scardona",
    "province": "Split",
    "country_modern": "Croatia"
  },
  "D480": {
    "name": "Šibenik",
    "alt": "Sebenico",
    "province": "Split",
    "country_modern": "Croatia"
  },
  "D481": {
    "name": "Trogir",
    "alt": "Traù",
    "province": "Split",
    "country_modern": "Croatia"
  },
  "D482": {
    "name": "Split",
    "alt": "Spalato",
    "province": "Split",
    "country_modern": "Croatia"
  },
  "D483": {
    "name": "Makarska",
    "alt": "Macarsca",
    "province": "Split",
    "country_modern": "Croatia"
  },
  "D484": {
    "name": "Lesina",
    "alt": "",
    "province": "Zadar",
    "country_modern": "Croatia"
  },
  "D485": {
    "name": "Korčula",
    "alt": "Curzola",
    "province": "Ragusa",
    "country_modern": "Croatia"
  },
  "D486": {
    "name": "Ston",
    "alt": "Stagno",
    "province": "Ragusa",
    "country_modern": "Croatia"
  },
  "D487": {
    "name": "Ragusa",
    "alt": "Dubrovnik",
    "province": "Ragusa",
    "country_modern": "Croatia"
  },
  "D488": {
    "name": "Kotor",
    "alt": "Cattaro",
    "province": "Bari",
    "country_modern": "Montenegro"
  },
  "D489": {
    "name": "Budva",
    "alt": "Budua",
    "province": "Ragusa",
    "country_modern": "Montenegro"
  },
  "D490": {
    "name": "Osor",
    "alt": "Ossero",
    "province": "Zadar",
    "country_modern": "Croatia"
  },
  "D491": {
    "name": "Mariana",
    "alt": "",
    "province": "Genova",
    "country_modern": "France"
  },
  "D492": {
    "name": "Nebbio",
    "alt": "",
    "province": "Genova",
    "country_modern": "France"
  },
  "D493": {
    "name": "Aleria",
    "alt": "",
    "province": "Pisa",
    "country_modern": "France"
  },
  "D494": {
    "name": "Accia",
    "alt": "",
    "province": "Genova",
    "country_modern": "France"
  },
  "D495": {
    "name": "Sagone",
    "alt": "Sagona",
    "province": "Pisa",
    "country_modern": "France"
  },
  "D496": {
    "name": "Ajaccio",
    "alt": "",
    "province": "Pisa",
    "country_modern": "France"
  },
  "D497": {
    "name": "Holar",
    "alt": "",
    "province": "Nidaros",
    "country_modern": "Iceland"
  },
  "D498": {
    "name": "Skalholt",
    "alt": "",
    "province": "Nidaros",
    "country_modern": "Iceland"
  },
  "D499": {
    "name": "Raphoe",
    "alt": "",
    "province": "Armagh",
    "country_modern": "Ireland"
  },
  "D500": {
    "name": "Derry",
    "alt": "",
    "province": "Armagh",
    "country_modern": "Ireland"
  },
  "D501": {
    "name": "Connor",
    "alt": "",
    "province": "Armagh",
    "country_modern": "Ireland"
  },
  "D502": {
    "name": "Down",
    "alt": "",
    "province": "Armagh",
    "country_modern": "Ireland"
  },
  "D503": {
    "name": "Dromore",
    "alt": "",
    "province": "Armagh",
    "country_modern": "Ireland"
  },
  "D504": {
    "name": "Armagh",
    "alt": "",
    "province": "Armagh",
    "country_modern": "Ireland"
  },
  "D505": {
    "name": "Clogher",
    "alt": "",
    "province": "Armagh",
    "country_modern": "Ireland"
  },
  "D506": {
    "name": "Kilmore",
    "alt": "",
    "province": "Armagh",
    "country_modern": "Ireland"
  },
  "D507": {
    "name": "Ardagh",
    "alt": "",
    "province": "Armagh",
    "country_modern": "Ireland"
  },
  "D508": {
    "name": "Meath",
    "alt": "",
    "province": "Armagh",
    "country_modern": "Ireland"
  },
  "D509": {
    "name": "Clonmacnois",
    "alt": "",
    "province": "Armagh",
    "country_modern": "Ireland"
  },
  "D510": {
    "name": "Killala",
    "alt": "",
    "province": "Tuam",
    "country_modern": "Ireland"
  },
  "D511": {
    "name": "Achonry",
    "alt": "",
    "province": "Tuam",
    "country_modern": "Ireland"
  },
  "D512": {
    "name": "Tuam",
    "alt": "",
    "province": "Tuam",
    "country_modern": "Ireland"
  },
  "D513": {
    "name": "Elphin",
    "alt": "",
    "province": "Tuam",
    "country_modern": "Ireland"
  },
  "D514": {
    "name": "Confert",
    "alt": "",
    "province": "Tuam",
    "country_modern": "Ireland"
  },
  "D515": {
    "name": "Annaghdown",
    "alt": "",
    "province": "Tuam",
    "country_modern": "Ireland"
  },
  "D516": {
    "name": "Kilmacduagh",
    "alt": "",
    "province": "Tuam",
    "country_modern": "Ireland"
  },
  "D517": {
    "name": "Kilfenora",
    "alt": "",
    "province": "Cashel",
    "country_modern": "Ireland"
  },
  "D518": {
    "name": "Killaloe",
    "alt": "",
    "province": "Cashel",
    "country_modern": "Ireland"
  },
  "D519": {
    "name": "Cashel",
    "alt": "",
    "province": "Cashel",
    "country_modern": "Ireland"
  },
  "D520": {
    "name": "Emly",
    "alt": "",
    "province": "Cashel",
    "country_modern": "Ireland"
  },
  "D521": {
    "name": "Limerick",
    "alt": "",
    "province": "Cashel",
    "country_modern": "Ireland"
  },
  "D522": {
    "name": "Ardfert",
    "alt": "",
    "province": "Cashel",
    "country_modern": "Ireland"
  },
  "D523": {
    "name": "Clpyne",
    "alt": "",
    "province": "Cashel",
    "country_modern": "Ireland"
  },
  "D524": {
    "name": "Lismore",
    "alt": "",
    "province": "Cashel",
    "country_modern": "Ireland"
  },
  "D525": {
    "name": "Cork",
    "alt": "",
    "province": "Cashel",
    "country_modern": "Ireland"
  },
  "D526": {
    "name": "Ross",
    "alt": "",
    "province": "Cashel",
    "country_modern": "Ireland"
  },
  "D527": {
    "name": "Kildare",
    "alt": "",
    "province": "Dublin",
    "country_modern": "Ireland"
  },
  "D528": {
    "name": "Dublin",
    "alt": "",
    "province": "Dublin",
    "country_modern": "Ireland"
  },
  "D529": {
    "name": "Leighlin",
    "alt": "",
    "province": "Dublin",
    "country_modern": "Ireland"
  },
  "D530": {
    "name": "Ossory",
    "alt": "",
    "province": "Dublin",
    "country_modern": "Ireland"
  },
  "D531": {
    "name": "Ferns",
    "alt": "",
    "province": "Dublin",
    "country_modern": "Ireland"
  },
  "D532": {
    "name": "Bremen-Hamburg",
    "alt": "",
    "province": "Bremen",
    "country_modern": "Germany"
  },
  "D533": {
    "name": "Lubeck",
    "alt": "",
    "province": "Bremen",
    "country_modern": "Germany"
  },
  "D534": {
    "name": "Ratzeburg",
    "alt": "",
    "province": "Bremen",
    "country_modern": "Germany"
  },
  "D535": {
    "name": "Schwerin",
    "alt": "",
    "province": "Bremen",
    "country_modern": "Germany"
  },
  "D536": {
    "name": "Lebus",
    "alt": "",
    "province": "Gniezno",
    "country_modern": "Poland"
  },
  "D537": {
    "name": "Wroclaw",
    "alt": "Breslau",
    "province": "Gniezno",
    "country_modern": "Poland"
  },
  "D538": {
    "name": "Cologne",
    "alt": "",
    "province": "Cologne",
    "country_modern": "Germany"
  },
  "D539": {
    "name": "Liege",
    "alt": "",
    "province": "Cologne",
    "country_modern": "Belgium"
  },
  "D540": {
    "name": "Minden",
    "alt": "",
    "province": "Cologne",
    "country_modern": "Germany"
  },
  "D541": {
    "name": "Munster",
    "alt": "",
    "province": "Cologne",
    "country_modern": "Germany"
  },
  "D542": {
    "name": "Osnabruck",
    "alt": "",
    "province": "Cologne",
    "country_modern": "Germany"
  },
  "D543": {
    "name": "Utrecht",
    "alt": "",
    "province": "Cologne",
    "country_modern": "Netherlands"
  },
  "D544": {
    "name": "Magdeburg",
    "alt": "",
    "province": "Magdeburg",
    "country_modern": "Germany"
  },
  "D545": {
    "name": "Brandenburg",
    "alt": "",
    "province": "Magdeburg",
    "country_modern": "Germany"
  },
  "D546": {
    "name": "Havelberg",
    "alt": "",
    "province": "Magdeburg",
    "country_modern": "Germany"
  },
  "D547": {
    "name": "Merseburg",
    "alt": "",
    "province": "Magdeburg",
    "country_modern": "Germany"
  },
  "D548": {
    "name": "Naumburg",
    "alt": "",
    "province": "Magdeburg",
    "country_modern": "Germany"
  },
  "D549": {
    "name": "Mainz",
    "alt": "",
    "province": "Mainz",
    "country_modern": "Germany"
  },
  "D550": {
    "name": "Augsburg",
    "alt": "",
    "province": "Mainz",
    "country_modern": "Germany"
  },
  "D551": {
    "name": "Chur",
    "alt": "",
    "province": "Mainz",
    "country_modern": "Germany"
  },
  "D552": {
    "name": "Eichstatt",
    "alt": "",
    "province": "Mainz",
    "country_modern": "Germany"
  },
  "D553": {
    "name": "Halberstadt",
    "alt": "",
    "province": "Mainz",
    "country_modern": "Germany"
  },
  "D554": {
    "name": "Hildesheim",
    "alt": "",
    "province": "Mainz",
    "country_modern": "Germany"
  },
  "D555": {
    "name": "Konstanz",
    "alt": "Constance",
    "province": "Mainz",
    "country_modern": "Switzerland"
  },
  "D556": {
    "name": "Paderborn",
    "alt": "",
    "province": "Mainz",
    "country_modern": "Germany"
  },
  "D557": {
    "name": "Speyer",
    "alt": "",
    "province": "Mainz",
    "country_modern": "Germany"
  },
  "D558": {
    "name": "Strasbourg",
    "alt": "",
    "province": "Mainz",
    "country_modern": "France"
  },
  "D559": {
    "name": "Verden",
    "alt": "",
    "province": "Mainz",
    "country_modern": "Germany"
  },
  "D560": {
    "name": "Worms",
    "alt": "",
    "province": "Mainz",
    "country_modern": "Germany"
  },
  "D561": {
    "name": "Wurzburg",
    "alt": "",
    "province": "Mainz",
    "country_modern": "Germany"
  },
  "D562": {
    "name": "Prague",
    "alt": "",
    "province": "Prague",
    "country_modern": "Czech Republic"
  },
  "D563": {
    "name": "Olomouc",
    "alt": "Olmutz",
    "province": "Prague",
    "country_modern": "Czech Republic"
  },
  "D564": {
    "name": "Salzburg",
    "alt": "",
    "province": "Salzburg",
    "country_modern": "Austria"
  },
  "D565": {
    "name": "Brixen",
    "alt": "Bressanone",
    "province": "Salzburg",
    "country_modern": "Italy"
  },
  "D566": {
    "name": "Chiemsee",
    "alt": "",
    "province": "Salzburg",
    "country_modern": "Germany"
  },
  "D567": {
    "name": "Freising",
    "alt": "",
    "province": "Salzburg",
    "country_modern": "Germany"
  },
  "D568": {
    "name": "Gurk",
    "alt": "",
    "province": "Salzburg",
    "country_modern": "Austria"
  },
  "D569": {
    "name": "Lavant",
    "alt": "",
    "province": "Salzburg",
    "country_modern": "Austria"
  },
  "D570": {
    "name": "Passau",
    "alt": "",
    "province": "Salzburg",
    "country_modern": "Germany"
  },
  "D571": {
    "name": "Regensburg",
    "alt": "",
    "province": "Salzburg",
    "country_modern": "Germany"
  },
  "D572": {
    "name": "Seckau",
    "alt": "",
    "province": "Salzburg",
    "country_modern": "Austria"
  },
  "D573": {
    "name": "Trier",
    "alt": "",
    "province": "Trier",
    "country_modern": "Germany"
  },
  "D574": {
    "name": "Metz",
    "alt": "",
    "province": "Trier",
    "country_modern": "France"
  },
  "D575": {
    "name": "Toul",
    "alt": "",
    "province": "Trier",
    "country_modern": "France"
  },
  "D576": {
    "name": "Verdun",
    "alt": "",
    "province": "Trier",
    "country_modern": "France"
  },
  "D577": {
    "name": "Bamberg",
    "alt": "",
    "province": "Bamberg",
    "country_modern": "Germany"
  },
  "D578": {
    "name": "Kammin",
    "alt": "",
    "province": "Kammin",
    "country_modern": "Poland"
  },
  "D579": {
    "name": "Meissen",
    "alt": "",
    "province": "Meissen",
    "country_modern": "Germany"
  },
  "D580": {
    "name": "Vienna",
    "alt": "",
    "province": "Vienna",
    "country_modern": "Austria"
  },
  "D581": {
    "name": "Wiener Neustadt",
    "alt": "",
    "province": "Wiener Neustadt",
    "country_modern": "Austria"
  },
  "D582": {
    "name": "Berchtesgaden",
    "alt": "",
    "province": "Salzburg",
    "country_modern": ""
  },
  "D583": {
    "name": "Reval",
    "alt": "",
    "province": "Lund",
    "country_modern": "Estonia"
  },
  "D584": {
    "name": "Schleswig",
    "alt": "",
    "province": "Lund",
    "country_modern": "Germany"
  },
  "D585": {
    "name": "Riga",
    "alt": "",
    "province": "Riga",
    "country_modern": "Latvia"
  },
  "D586": {
    "name": "Warmia",
    "alt": "Ermland",
    "province": "Riga",
    "country_modern": "Poland"
  },
  "D587": {
    "name": "Dorpat",
    "alt": "Tartu",
    "province": "Riga",
    "country_modern": "Estonia"
  },
  "D588": {
    "name": "Chełmno",
    "alt": "Culm",
    "province": "Riga",
    "country_modern": "Poland"
  },
  "D589": {
    "name": "Courland",
    "alt": "Kurland",
    "province": "Riga",
    "country_modern": "Latvia"
  },
  "D590": {
    "name": "Osel-Wiek",
    "alt": "",
    "province": "Riga",
    "country_modern": "Estonia"
  },
  "D591": {
    "name": "Pomesania",
    "alt": "",
    "province": "Riga",
    "country_modern": "Poland"
  },
  "D592": {
    "name": "Samland",
    "alt": "",
    "province": "Riga",
    "country_modern": "Russia"
  },
  "D593": {
    "name": "Krakow",
    "alt": "",
    "province": "Gniezno",
    "country_modern": "Poland"
  },
  "D594": {
    "name": "Kujawy",
    "alt": "Włocławek",
    "province": "Gniezno",
    "country_modern": "Poland"
  },
  "D595": {
    "name": "Poznań",
    "alt": "",
    "province": "Gniezno",
    "country_modern": "Poland"
  },
  "D596": {
    "name": "Płock",
    "alt": "",
    "province": "Gniezno",
    "country_modern": "Poland"
  },
  "D597": {
    "name": "Samogitia",
    "alt": "Žemaitija",
    "province": "Gniezno",
    "country_modern": "Poland"
  },
  "D598": {
    "name": "Vilnius",
    "alt": "Vilna",
    "province": "Gniezno",
    "country_modern": "Lithuania"
  },
  "D599": {
    "name": "Lund",
    "alt": "",
    "province": "Lund",
    "country_modern": "Sweden"
  },
  "D600": {
    "name": "Roskilde",
    "alt": "",
    "province": "Lund",
    "country_modern": "Denmark"
  },
  "D601": {
    "name": "Odense",
    "alt": "",
    "province": "Lund",
    "country_modern": "Denmark"
  },
  "D603": {
    "name": "Ribe",
    "alt": "",
    "province": "Lund",
    "country_modern": "Denmark"
  },
  "D604": {
    "name": "Aarhus",
    "alt": "",
    "province": "Lund",
    "country_modern": "Denmark"
  },
  "D605": {
    "name": "Viborg",
    "alt": "",
    "province": "Lund",
    "country_modern": "Denmark"
  },
  "D606": {
    "name": "Borglum",
    "alt": "",
    "province": "Lund",
    "country_modern": "Denmark"
  },
  "D607": {
    "name": "Toledo",
    "alt": "",
    "province": "Toledo",
    "country_modern": "Spain"
  },
  "D608": {
    "name": "Palencia",
    "alt": "",
    "province": "Toledo",
    "country_modern": "Spain"
  },
  "D609": {
    "name": "Osma",
    "alt": "",
    "province": "Toledo",
    "country_modern": "Spain"
  },
  "D610": {
    "name": "Segovia",
    "alt": "",
    "province": "Toledo",
    "country_modern": "Spain"
  },
  "D611": {
    "name": "Siguenza",
    "alt": "",
    "province": "Toledo",
    "country_modern": "Spain"
  },
  "D612": {
    "name": "Cuenca",
    "alt": "",
    "province": "Toledo",
    "country_modern": "Spain"
  },
  "D613": {
    "name": "Albarracin-Segorbe",
    "alt": "",
    "province": "Toledo",
    "country_modern": "Spain"
  },
  "D614": {
    "name": "Baeza",
    "alt": "",
    "province": "Toledo",
    "country_modern": "Spain"
  },
  "D615": {
    "name": "Jaen",
    "alt": "",
    "province": "Toledo",
    "country_modern": "Spain"
  },
  "D616": {
    "name": "Cordoba",
    "alt": "",
    "province": "Toledo",
    "country_modern": "Spain"
  },
  "D617": {
    "name": "Braga",
    "alt": "",
    "province": "Braga",
    "country_modern": "Portugal"
  },
  "D618": {
    "name": "Astorga",
    "alt": "",
    "province": "Braga",
    "country_modern": "Spain"
  },
  "D619": {
    "name": "Lugo",
    "alt": "",
    "province": "Braga",
    "country_modern": "Spain"
  },
  "D620": {
    "name": "Mondonedo",
    "alt": "",
    "province": "Braga",
    "country_modern": "Spain"
  },
  "D621": {
    "name": "Orense",
    "alt": "",
    "province": "Braga",
    "country_modern": "Spain"
  },
  "D622": {
    "name": "Tuy",
    "alt": "Tui",
    "province": "Braga",
    "country_modern": "Spain"
  },
  "D623": {
    "name": "Oporto",
    "alt": "",
    "province": "Braga",
    "country_modern": "Portugal"
  },
  "D624": {
    "name": "Coimbra",
    "alt": "",
    "province": "Braga",
    "country_modern": "Portugal"
  },
  "D625": {
    "name": "Viseu",
    "alt": "",
    "province": "Braga",
    "country_modern": "Portugal"
  },
  "D626": {
    "name": "Zamora",
    "alt": "",
    "province": "Braga",
    "country_modern": "Spain"
  },
  "D627": {
    "name": "Silves",
    "alt": "",
    "province": "Braga",
    "country_modern": "Portugal"
  },
  "D628": {
    "name": "Santiago",
    "alt": "",
    "province": "Santiago de Compostela",
    "country_modern": "Spain"
  },
  "D629": {
    "name": "Avila",
    "alt": "",
    "province": "Santiago de Compostela",
    "country_modern": "Spain"
  },
  "D630": {
    "name": "Salamanca",
    "alt": "",
    "province": "Santiago de Compostela",
    "country_modern": "Spain"
  },
  "D631": {
    "name": "Zamora",
    "alt": "",
    "province": "Santiago de Compostela",
    "country_modern": "Spain"
  },
  "D632": {
    "name": "Ciudad Rodrigo",
    "alt": "",
    "province": "Santiago de Compostela",
    "country_modern": "Spain"
  },
  "D633": {
    "name": "Coria",
    "alt": "",
    "province": "Santiago de Compostela",
    "country_modern": "Spain"
  },
  "D634": {
    "name": "Plasencia",
    "alt": "",
    "province": "Santiago de Compostela",
    "country_modern": "Spain"
  },
  "D635": {
    "name": "Badajoz",
    "alt": "",
    "province": "Santiago de Compostela",
    "country_modern": "Spain"
  },
  "D636": {
    "name": "Lamego",
    "alt": "",
    "province": "Santiago de Compostela",
    "country_modern": "Portugal"
  },
  "D637": {
    "name": "Guarda",
    "alt": "",
    "province": "Santiago de Compostela",
    "country_modern": "Portugal"
  },
  "D638": {
    "name": "Lisbon",
    "alt": "",
    "province": "Santiago de Compostela",
    "country_modern": "Portugal"
  },
  "D639": {
    "name": "Evora",
    "alt": "",
    "province": "Braga",
    "country_modern": "Portugal"
  },
  "D640": {
    "name": "Tarragona",
    "alt": "",
    "province": "Tarragona",
    "country_modern": "Spain"
  },
  "D641": {
    "name": "Urgel",
    "alt": "Seu d'Urgell",
    "province": "Tarragona",
    "country_modern": "Spain"
  },
  "D642": {
    "name": "Gerona",
    "alt": "Girona",
    "province": "Tarragona",
    "country_modern": "Spain"
  },
  "D643": {
    "name": "Barcelona",
    "alt": "",
    "province": "Tarragona",
    "country_modern": "Spain"
  },
  "D644": {
    "name": "Vic",
    "alt": "",
    "province": "Tarragona",
    "country_modern": "Spain"
  },
  "D645": {
    "name": "Tortosa",
    "alt": "",
    "province": "Tarragona",
    "country_modern": "Spain"
  },
  "D646": {
    "name": "Lerida",
    "alt": "Lleida",
    "province": "Tarragona",
    "country_modern": "Spain"
  },
  "D647": {
    "name": "Ager",
    "alt": "",
    "province": "[Holy See]",
    "country_modern": "Spain"
  },
  "D648": {
    "name": "Zaragoza",
    "alt": "",
    "province": "Tarragona",
    "country_modern": "Spain"
  },
  "D649": {
    "name": "Pamplona",
    "alt": "",
    "province": "Tarragona",
    "country_modern": "Spain"
  },
  "D650": {
    "name": "Huesca",
    "alt": "",
    "province": "Tarragona",
    "country_modern": "Spain"
  },
  "D651": {
    "name": "Tarazona",
    "alt": "",
    "province": "Tarragona",
    "country_modern": "Spain"
  },
  "D652": {
    "name": "Calahorra",
    "alt": "",
    "province": "Tarragona",
    "country_modern": "Spain"
  },
  "D653": {
    "name": "Calahorra-(Santo Domingo de) la Calzada",
    "alt": "",
    "province": "Tarragona",
    "country_modern": "Spain"
  },
  "D654": {
    "name": "Valencia",
    "alt": "",
    "province": "Tarragona",
    "country_modern": "Spain"
  },
  "D655": {
    "name": "Seville",
    "alt": "",
    "province": "Seville",
    "country_modern": "Spain"
  },
  "D656": {
    "name": "Valença do Minho",
    "alt": "",
    "province": "",
    "country_modern": "Portugal"
  },
  "D657": {
    "name": "Algeciras",
    "alt": "",
    "province": "Seville",
    "country_modern": "Spain"
  },
  "D658": {
    "name": "Cadiz",
    "alt": "",
    "province": "Seville",
    "country_modern": "Spain"
  },
  "D659": {
    "name": "Canarias",
    "alt": "Rubicon",
    "province": "Seville",
    "country_modern": "Spain"
  },
  "D660": {
    "name": "Burgos",
    "alt": "",
    "province": "[Holy See]",
    "country_modern": "Spain"
  },
  "D661": {
    "name": "Leon",
    "alt": "",
    "province": "[Holy See]",
    "country_modern": "Spain"
  },
  "D662": {
    "name": "Oviedo",
    "alt": "",
    "province": "[Holy See]",
    "country_modern": "Spain"
  },
  "D663": {
    "name": "Besalu",
    "alt": "",
    "province": "[Holy See]",
    "country_modern": "Spain"
  },
  "D665": {
    "name": "Cartagena",
    "alt": "",
    "province": "[Holy See]",
    "country_modern": "Spain"
  },
  "D666": {
    "name": "Marruecos",
    "alt": "",
    "province": "Seville",
    "country_modern": "Morocco"
  },
  "D667": {
    "name": "Esztergom",
    "alt": "",
    "province": "Esztergom",
    "country_modern": "Hungary"
  },
  "D668": {
    "name": "Nitra",
    "alt": "Nyitra",
    "province": "Esztergom",
    "country_modern": "Slovakia"
  },
  "D669": {
    "name": "Zagreb",
    "alt": "Esztergom",
    "province": "Kalocsa",
    "country_modern": "Croatia"
  },
  "D670": {
    "name": "Oradea",
    "alt": "Nagy Varad",
    "province": "Esztergom",
    "country_modern": "Romania"
  },
  "D671": {
    "name": "Eger",
    "alt": "Erlau",
    "province": "Esztergom",
    "country_modern": "Romania"
  },
  "D672": {
    "name": "Erdely",
    "alt": "Transilvania",
    "province": "Esztergom",
    "country_modern": "Romania"
  },
  "D673": {
    "name": "Györ",
    "alt": "Raab",
    "province": "Esztergom",
    "country_modern": "Hungary"
  },
  "D674": {
    "name": "Pécs",
    "alt": "Fünfkirchen",
    "province": "Esztergom",
    "country_modern": "Hungary"
  },
  "D675": {
    "name": "Vác",
    "alt": "Waitzen",
    "province": "Esztergom",
    "country_modern": "Hungary"
  },
  "D676": {
    "name": "Veszprém",
    "alt": "",
    "province": "Esztergom",
    "country_modern": "Hungary"
  },
  "D677": {
    "name": "Kalocsa-Bacs",
    "alt": "Kalocsa",
    "province": "Esztergom",
    "country_modern": "Hungary"
  },
  "D678": {
    "name": "Marosvar",
    "alt": "Csanád",
    "province": "Esztergom",
    "country_modern": "Hungary"
  },
  "D679": {
    "name": "St. Martin",
    "alt": "Szepes",
    "province": "Esztergom",
    "country_modern": "Slovakia"
  },
  "D680": {
    "name": "Cumania",
    "alt": "",
    "province": "",
    "country_modern": "Romania"
  },
  "D681": {
    "name": "Siret",
    "alt": "Sereth",
    "province": "Lviv",
    "country_modern": "Romania"
  },
  "D682": {
    "name": "Moldovita",
    "alt": "Moldawitza",
    "province": "??",
    "country_modern": "Romania"
  },
  "D683": {
    "name": "Kiev",
    "alt": "Kijów",
    "province": "??",
    "country_modern": "Ukraine"
  },
  "D684": {
    "name": "Zytomierz",
    "alt": "Zhytomyr",
    "province": "??",
    "country_modern": "Ukraine"
  },
  "D685": {
    "name": "Wlodzimierz",
    "alt": "Vladimir",
    "province": "??",
    "country_modern": "Ukraine"
  },
  "D686": {
    "name": "Halyč",
    "alt": "Galyc",
    "province": "Halyč",
    "country_modern": "Ukraine"
  },
  "D687": {
    "name": "Lviv",
    "alt": "Lwow",
    "province": "Lviv",
    "country_modern": "Ukraine"
  },
  "D688": {
    "name": "Kamieniec",
    "alt": "Kamyanets-Podilskyi",
    "province": "??",
    "country_modern": "Ukraine"
  },
  "D689": {
    "name": "Luck",
    "alt": "Lutsk",
    "province": "??",
    "country_modern": "Ukraine"
  },
  "D690": {
    "name": "Gniezno",
    "alt": "Gnesen",
    "province": "Gniezno",
    "country_modern": "Poland"
  },
  "D691": {
    "name": "Oslo",
    "alt": "",
    "province": "Nidaros",
    "country_modern": "Norway"
  },
  "D692": {
    "name": "Stavanger",
    "alt": "",
    "province": "Nidaros",
    "country_modern": "Norway"
  },
  "D693": {
    "name": "Bergen",
    "alt": "",
    "province": "Nidaros",
    "country_modern": "Norway"
  },
  "D694": {
    "name": "Hamar",
    "alt": "",
    "province": "Nidaros",
    "country_modern": "Norway"
  },
  "D695": {
    "name": "Nidaros",
    "alt": "Trondheim",
    "province": "Nidaros",
    "country_modern": "Norway"
  },
  "D696": {
    "name": "Uppsala",
    "alt": "",
    "province": "Uppsala",
    "country_modern": "Sweden"
  },
  "D697": {
    "name": "Vasteras",
    "alt": "",
    "province": "Uppsala",
    "country_modern": "Sweden"
  },
  "D698": {
    "name": "Strangnas",
    "alt": "",
    "province": "Uppsala",
    "country_modern": "Sweden"
  },
  "D699": {
    "name": "Linkoping",
    "alt": "",
    "province": "Uppsala",
    "country_modern": "Sweden"
  },
  "D700": {
    "name": "Skara",
    "alt": "",
    "province": "Uppsala",
    "country_modern": "Sweden"
  },
  "D701": {
    "name": "Vaxjo",
    "alt": "",
    "province": "Uppsala",
    "country_modern": "Sweden"
  },
  "D702": {
    "name": "Turku",
    "alt": "Abo",
    "province": "Uppsala",
    "country_modern": "Finland"
  },
  "D703": {
    "name": "Garðar",
    "alt": "Gardar",
    "province": "Bremen",
    "country_modern": "Greenland"
  },
  "D704": {
    "name": "Faroe Islands",
    "alt": "",
    "province": "Bremen",
    "country_modern": "Denmark"
  },
  "D705": {
    "name": "Cittanova",
    "alt": "",
    "province": "Aquileia",
    "country_modern": "Croatia"
  },
  "D706": {
    "name": "Polignano",
    "alt": "",
    "province": "Bari",
    "country_modern": "Italy"
  },
  "D707": {
    "name": "Conversano",
    "alt": "",
    "province": "Bari",
    "country_modern": "Italy"
  },
  "D708": {
    "name": "Przemyśl",
    "alt": "",
    "province": "Halyc",
    "country_modern": ""
  },
  "D709": {
    "name": "Leuca",
    "alt": "Alexanum",
    "province": "Otranto",
    "country_modern": "Italy"
  },
  "D710": {
    "name": "Mottola",
    "alt": "",
    "province": "Taranto",
    "country_modern": "Italy"
  },
  "D711": {
    "name": "Civitate",
    "alt": "Città",
    "province": "Benevento",
    "country_modern": "Italy"
  },
  "D712": {
    "name": "Canosa",
    "alt": "Cerignoli",
    "province": "Bari",
    "country_modern": "Italy"
  },
  "D713": {
    "name": "Salpi",
    "alt": "Salpe",
    "province": "Bari",
    "country_modern": "Italy"
  },
  "D714": {
    "name": "Lavello",
    "alt": "",
    "province": "Bari",
    "country_modern": "Italy"
  },
  "D715": {
    "name": "Bari",
    "alt": "",
    "province": "Bari",
    "country_modern": "Italy"
  },
  "D716": {
    "name": "Bitetto",
    "alt": "",
    "province": "Bari",
    "country_modern": "Italy"
  },
  "D717": {
    "name": "Bitonto",
    "alt": "",
    "province": "Bari",
    "country_modern": "Italy"
  },
  "D718": {
    "name": "Giovinazzo",
    "alt": "",
    "province": "Bari",
    "country_modern": "Italy"
  },
  "D719": {
    "name": "Ruvo",
    "alt": "",
    "province": "Bari",
    "country_modern": "Italy"
  },
  "D720": {
    "name": "Molfetta",
    "alt": "",
    "province": "Bari",
    "country_modern": "Italy"
  },
  "D721": {
    "name": "Minervino",
    "alt": "",
    "province": "Bari",
    "country_modern": "Italy"
  },
  "D722": {
    "name": "Canne",
    "alt": "",
    "province": "Trani",
    "country_modern": "Italy"
  },
  "D723": {
    "name": "Guadix",
    "alt": "",
    "province": "",
    "country_modern": "Spain"
  },
  "D724": {
    "name": "Ampurias",
    "alt": "Castelsardo?",
    "province": "Torres",
    "country_modern": "Italy"
  },
  "D725": {
    "name": "Sant'Antioco",
    "alt": "",
    "province": "Cagliari",
    "country_modern": "Italy"
  },
  "D726": {
    "name": "Baza",
    "alt": "",
    "province": "",
    "country_modern": "Spain"
  },
  "D727": {
    "name": "Tratalias",
    "alt": "",
    "province": "Cagliari",
    "country_modern": "Italy"
  },
  "D728": {
    "name": "Almeria",
    "alt": "",
    "province": "",
    "country_modern": "Spain"
  },
  "D729": {
    "name": "Roma",
    "alt": "",
    "province": "Roma",
    "country_modern": "Italy"
  },
  "D730": {
    "name": "Albano",
    "alt": "",
    "province": "[Holy See]",
    "country_modern": "Italy"
  },
  "D731": {
    "name": "Frascati",
    "alt": "",
    "province": "[Holy See]",
    "country_modern": "Italy"
  },
  "D732": {
    "name": "Lipari",
    "alt": "",
    "province": "Messina",
    "country_modern": "Italy"
  },
  "D733": {
    "name": "Mdina",
    "alt": "Malta",
    "province": "Palermo",
    "country_modern": "Malta"
  },
  "D734": {
    "name": "Majorca",
    "alt": "Mallorca",
    "province": "Tarragona",
    "country_modern": "Spain"
  },
  "D736": {
    "name": "Abbazia di Farfa",
    "alt": "Santa Maria in Montesanto",
    "province": "[Holy See]",
    "country_modern": "Italy"
  },
  "D737": {
    "name": "Umana",
    "alt": "Numana",
    "province": "[Holy See]",
    "country_modern": "Italy"
  },
  "D738": {
    "name": "Malaga",
    "alt": "",
    "province": "",
    "country_modern": "Spain"
  },
  "D739": {
    "name": "Lugano",
    "alt": "",
    "province": "",
    "country_modern": "Italy"
  },
  "D740": {
    "name": "Szent Márton",
    "alt": "",
    "province": "Esztergom",
    "country_modern": "Hungary"
  },
  "D741": {
    "name": "Foggia",
    "alt": "",
    "province": "",
    "country_modern": "Italy"
  },
  "D742": {
    "name": "Nazaret",
    "alt": "Barletta",
    "province": "",
    "country_modern": "Italy"
  },
  "D744": {
    "name": "Tarquinia",
    "alt": "",
    "province": "",
    "country_modern": "Italy"
  },
  "D745": {
    "name": "Atri",
    "alt": "",
    "province": "",
    "country_modern": "Italy"
  },
  "D746": {
    "name": "Nicosia",
    "alt": "",
    "province": "Nicosia",
    "country_modern": "Cyprus"
  },
  "D747": {
    "name": "Famagusta",
    "alt": "",
    "province": "Nicosia",
    "country_modern": "Cyprus"
  },
  "D748": {
    "name": "Limassol",
    "alt": "",
    "province": "Nicosia",
    "country_modern": "Cyprus"
  },
  "D749": {
    "name": "Paphos",
    "alt": "",
    "province": "Nicosia",
    "country_modern": "Cyprus"
  }
}
